[
    {
        "t": 1546300800,
        "o": {
            "c": 3840.95924899,
            "h": 3850.1973079,
            "l": 3709.15013166,
            "o": 3743.86583203
        }
    },
    {
        "t": 1546387200,
        "o": {
            "c": 3943.28984335,
            "h": 3947.93550634,
            "l": 3816.97950687,
            "o": 3843.95061656
        }
    },
    {
        "t": 1546473600,
        "o": {
            "c": 3836.55804793,
            "h": 3937.20756035,
            "l": 3824.82909006,
            "o": 3935.94193285
        }
    },
    {
        "t": 1546560000,
        "o": {
            "c": 3858.23828002,
            "h": 3866.0184931,
            "l": 3783.12068544,
            "o": 3836.43709949
        }
    },
    {
        "t": 1546646400,
        "o": {
            "c": 3841.06117029,
            "h": 3903.80359502,
            "l": 3832.8374614,
            "o": 3858.59671154
        }
    },
    {
        "t": 1546732800,
        "o": {
            "c": 4076.20331956,
            "h": 4093.55268744,
            "l": 3828.16135793,
            "o": 3842.27040041
        }
    },
    {
        "t": 1546819200,
        "o": {
            "c": 4024.46206645,
            "h": 4091.21558979,
            "l": 4017.83652551,
            "o": 4077.44487606
        }
    },
    {
        "t": 1546905600,
        "o": {
            "c": 4033.55475363,
            "h": 4111.63648545,
            "l": 3996.98705457,
            "o": 4026.82862604
        }
    },
    {
        "t": 1546992000,
        "o": {
            "c": 4035.71294082,
            "h": 4067.68855534,
            "l": 4022.66146646,
            "o": 4031.44444356
        }
    },
    {
        "t": 1547078400,
        "o": {
            "c": 3679.79347408,
            "h": 4065.24032132,
            "l": 3662.07724607,
            "o": 4034.77256267
        }
    },
    {
        "t": 1547164800,
        "o": {
            "c": 3686.21992857,
            "h": 3714.29516007,
            "l": 3651.60402979,
            "o": 3678.05572428
        }
    },
    {
        "t": 1547251200,
        "o": {
            "c": 3660.89928219,
            "h": 3699.34415128,
            "l": 3652.87433037,
            "o": 3688.48836622
        }
    },
    {
        "t": 1547337600,
        "o": {
            "c": 3552.00916983,
            "h": 3676.86471307,
            "l": 3543.53474845,
            "o": 3661.15598982
        }
    },
    {
        "t": 1547424000,
        "o": {
            "c": 3706.05222041,
            "h": 3727.42343442,
            "l": 3550.10042092,
            "o": 3555.96546803
        }
    },
    {
        "t": 1547510400,
        "o": {
            "c": 3629.3994895,
            "h": 3720.15341533,
            "l": 3619.94912664,
            "o": 3704.21630768
        }
    },
    {
        "t": 1547596800,
        "o": {
            "c": 3656.46477524,
            "h": 3685.68114079,
            "l": 3624.67338834,
            "o": 3630.67522467
        }
    },
    {
        "t": 1547683200,
        "o": {
            "c": 3679.8126213,
            "h": 3680.68262016,
            "l": 3621.98010221,
            "o": 3654.65111644
        }
    },
    {
        "t": 1547769600,
        "o": {
            "c": 3653.6664613,
            "h": 3682.18871858,
            "l": 3638.83196587,
            "o": 3678.09817407
        }
    },
    {
        "t": 1547856000,
        "o": {
            "c": 3729.0822985,
            "h": 3758.74584048,
            "l": 3652.52359849,
            "o": 3658.19397565
        }
    },
    {
        "t": 1547942400,
        "o": {
            "c": 3602.94669388,
            "h": 3745.12133553,
            "l": 3583.49022352,
            "o": 3727.8861363
        }
    },
    {
        "t": 1548028800,
        "o": {
            "c": 3577.02585978,
            "h": 3609.0617849,
            "l": 3558.31826053,
            "o": 3600.44392471
        }
    },
    {
        "t": 1548115200,
        "o": {
            "c": 3605.04565371,
            "h": 3622.6047046,
            "l": 3541.58494101,
            "o": 3576.2057881
        }
    },
    {
        "t": 1548201600,
        "o": {
            "c": 3585.12306636,
            "h": 3623.06775216,
            "l": 3565.31403323,
            "o": 3603.92472684
        }
    },
    {
        "t": 1548288000,
        "o": {
            "c": 3605.01000288,
            "h": 3616.08741447,
            "l": 3569.09284671,
            "o": 3584.5003014
        }
    },
    {
        "t": 1548374400,
        "o": {
            "c": 3602.06803677,
            "h": 3612.92766233,
            "l": 3575.59733314,
            "o": 3600.86550122
        }
    },
    {
        "t": 1548460800,
        "o": {
            "c": 3601.75215591,
            "h": 3655.21899363,
            "l": 3593.88340673,
            "o": 3600.0465056
        }
    },
    {
        "t": 1548547200,
        "o": {
            "c": 3586.69221638,
            "h": 3612.63095152,
            "l": 3568.21703354,
            "o": 3602.87807991
        }
    },
    {
        "t": 1548633600,
        "o": {
            "c": 3472.33980503,
            "h": 3586.75087826,
            "l": 3438.96154168,
            "o": 3583.96576317
        }
    },
    {
        "t": 1548720000,
        "o": {
            "c": 3447.03376969,
            "h": 3476.06536415,
            "l": 3399.56008013,
            "o": 3472.52623553
        }
    },
    {
        "t": 1548806400,
        "o": {
            "c": 3485.3190571,
            "h": 3494.92723364,
            "l": 3428.74333718,
            "o": 3447.15949944
        }
    },
    {
        "t": 1548892800,
        "o": {
            "c": 3457.19185903,
            "h": 3505.9248455,
            "l": 3448.14018789,
            "o": 3485.65470142
        }
    },
    {
        "t": 1548979200,
        "o": {
            "c": 3488.65467674,
            "h": 3501.98110478,
            "l": 3430.19869578,
            "o": 3458.79199798
        }
    },
    {
        "t": 1549065600,
        "o": {
            "c": 3526.76852089,
            "h": 3526.76852089,
            "l": 3467.43850074,
            "o": 3486.48030324
        }
    },
    {
        "t": 1549152000,
        "o": {
            "c": 3461.49672071,
            "h": 3520.14270577,
            "l": 3446.96752557,
            "o": 3519.73131357
        }
    },
    {
        "t": 1549238400,
        "o": {
            "c": 3456.78537352,
            "h": 3475.92922207,
            "l": 3440.07371106,
            "o": 3462.27791292
        }
    },
    {
        "t": 1549324800,
        "o": {
            "c": 3460.72479577,
            "h": 3473.73860598,
            "l": 3452.16509081,
            "o": 3457.60231245
        }
    },
    {
        "t": 1549411200,
        "o": {
            "c": 3412.83264537,
            "h": 3472.19827101,
            "l": 3396.64290431,
            "o": 3466.22953867
        }
    },
    {
        "t": 1549497600,
        "o": {
            "c": 3400.6012536,
            "h": 3429.18122524,
            "l": 3396.68122746,
            "o": 3412.8579097
        }
    },
    {
        "t": 1549584000,
        "o": {
            "c": 3661.6593387,
            "h": 3697.8821196,
            "l": 3391.2978587,
            "o": 3398.35022505
        }
    },
    {
        "t": 1549670400,
        "o": {
            "c": 3671.81055872,
            "h": 3681.89123823,
            "l": 3647.09820001,
            "o": 3672.75127391
        }
    },
    {
        "t": 1549756800,
        "o": {
            "c": 3684.24956988,
            "h": 3695.04829377,
            "l": 3640.96745758,
            "o": 3671.99409106
        }
    },
    {
        "t": 1549843200,
        "o": {
            "c": 3648.09335231,
            "h": 3696.26034651,
            "l": 3643.52508189,
            "o": 3695.00950776
        }
    },
    {
        "t": 1549929600,
        "o": {
            "c": 3653.99110555,
            "h": 3668.78847548,
            "l": 3620.12613069,
            "o": 3644.9593429
        }
    },
    {
        "t": 1550016000,
        "o": {
            "c": 3631.34329385,
            "h": 3671.72316464,
            "l": 3616.62766121,
            "o": 3654.54306127
        }
    },
    {
        "t": 1550102400,
        "o": {
            "c": 3616.36968624,
            "h": 3651.18916666,
            "l": 3603.60663305,
            "o": 3632.10140214
        }
    },
    {
        "t": 1550188800,
        "o": {
            "c": 3623.22451873,
            "h": 3645.90499755,
            "l": 3608.22929725,
            "o": 3615.36779824
        }
    },
    {
        "t": 1550275200,
        "o": {
            "c": 3631.0060736,
            "h": 3652.38012107,
            "l": 3618.03949989,
            "o": 3618.94827976
        }
    },
    {
        "t": 1550361600,
        "o": {
            "c": 3677.11835448,
            "h": 3680.4396099,
            "l": 3618.31635172,
            "o": 3631.52817133
        }
    },
    {
        "t": 1550448000,
        "o": {
            "c": 3915.15393,
            "h": 3937.45865944,
            "l": 3670.11883679,
            "o": 3672.14847996
        }
    },
    {
        "t": 1550534400,
        "o": {
            "c": 3946.15354458,
            "h": 4012.35796818,
            "l": 3908.21719629,
            "o": 3915.49492088
        }
    },
    {
        "t": 1550620800,
        "o": {
            "c": 3996.90234514,
            "h": 4000.52660941,
            "l": 3926.97532817,
            "o": 3946.87871642
        }
    },
    {
        "t": 1550707200,
        "o": {
            "c": 3952.2103642,
            "h": 4009.72389708,
            "l": 3939.50229346,
            "o": 3999.55901016
        }
    },
    {
        "t": 1550793600,
        "o": {
            "c": 4002.2913313,
            "h": 4007.84990644,
            "l": 3951.24166936,
            "o": 3954.35226647
        }
    },
    {
        "t": 1550880000,
        "o": {
            "c": 4145.9880905,
            "h": 4164.82347021,
            "l": 3968.88294726,
            "o": 4001.82886492
        }
    },
    {
        "t": 1550966400,
        "o": {
            "c": 3814.93757504,
            "h": 4209.59407034,
            "l": 3792.79270563,
            "o": 4143.93575511
        }
    },
    {
        "t": 1551052800,
        "o": {
            "c": 3884.93555836,
            "h": 3914.82976984,
            "l": 3809.19235675,
            "o": 3809.19235675
        }
    },
    {
        "t": 1551139200,
        "o": {
            "c": 3857.56107734,
            "h": 3890.97578399,
            "l": 3837.594038,
            "o": 3879.93560545
        }
    },
    {
        "t": 1551225600,
        "o": {
            "c": 3851.0235527,
            "h": 3887.79927147,
            "l": 3788.50417218,
            "o": 3857.96869485
        }
    },
    {
        "t": 1551312000,
        "o": {
            "c": 3855.67378101,
            "h": 3905.96763977,
            "l": 3846.10356712,
            "o": 3847.85838777
        }
    },
    {
        "t": 1551398400,
        "o": {
            "c": 3861.87069318,
            "h": 3907.23502824,
            "l": 3850.92372999,
            "o": 3854.67131094
        }
    },
    {
        "t": 1551484800,
        "o": {
            "c": 3867.57418178,
            "h": 3876.5951277,
            "l": 3833.39963294,
            "o": 3857.07883064
        }
    },
    {
        "t": 1551571200,
        "o": {
            "c": 3845.59431118,
            "h": 3875.9326692,
            "l": 3835.13273127,
            "o": 3863.87076948
        }
    },
    {
        "t": 1551657600,
        "o": {
            "c": 3761.00685915,
            "h": 3866.49878191,
            "l": 3737.44512529,
            "o": 3847.07708831
        }
    },
    {
        "t": 1551744000,
        "o": {
            "c": 3894.06747372,
            "h": 3905.98218711,
            "l": 3746.51842127,
            "o": 3762.06020569
        }
    },
    {
        "t": 1551830400,
        "o": {
            "c": 3905.40722269,
            "h": 3914.38871748,
            "l": 3544.02596845,
            "o": 3901.78035159
        }
    },
    {
        "t": 1551916800,
        "o": {
            "c": 3911.06208338,
            "h": 3938.81037468,
            "l": 3895.89291183,
            "o": 3903.80812524
        }
    },
    {
        "t": 1552003200,
        "o": {
            "c": 3898.25616475,
            "h": 3949.89129343,
            "l": 3874.81462834,
            "o": 3912.50910315
        }
    },
    {
        "t": 1552089600,
        "o": {
            "c": 3960.96525724,
            "h": 3988.72867614,
            "l": 3892.49735682,
            "o": 3896.64266561
        }
    },
    {
        "t": 1552176000,
        "o": {
            "c": 3953.83492806,
            "h": 3966.12643939,
            "l": 3926.04067445,
            "o": 3963.37817166
        }
    },
    {
        "t": 1552262400,
        "o": {
            "c": 3906.12986299,
            "h": 3965.85770787,
            "l": 3888.38881079,
            "o": 3954.42811648
        }
    },
    {
        "t": 1552348800,
        "o": {
            "c": 3911.29620526,
            "h": 3927.96156845,
            "l": 3865.12836665,
            "o": 3905.20611374
        }
    },
    {
        "t": 1552435200,
        "o": {
            "c": 3906.54189115,
            "h": 3924.92153767,
            "l": 3892.52301437,
            "o": 3911.49854907
        }
    },
    {
        "t": 1552521600,
        "o": {
            "c": 3913.51736755,
            "h": 3941.82494477,
            "l": 3901.97935889,
            "o": 3905.70122177
        }
    },
    {
        "t": 1552608000,
        "o": {
            "c": 3958.66898443,
            "h": 3968.30116294,
            "l": 3914.61908984,
            "o": 3921.7576974
        }
    },
    {
        "t": 1552694400,
        "o": {
            "c": 4048.90849948,
            "h": 4078.22044851,
            "l": 3960.54601697,
            "o": 3962.13886581
        }
    },
    {
        "t": 1552780800,
        "o": {
            "c": 4028.84888287,
            "h": 4053.76508203,
            "l": 4007.36039439,
            "o": 4048.62706823
        }
    },
    {
        "t": 1552867200,
        "o": {
            "c": 4034.67408291,
            "h": 4072.18142106,
            "l": 4009.64922304,
            "o": 4031.2978842
        }
    },
    {
        "t": 1552953600,
        "o": {
            "c": 4070.48878613,
            "h": 4082.31009596,
            "l": 4022.99968251,
            "o": 4032.10753013
        }
    },
    {
        "t": 1553040000,
        "o": {
            "c": 4086.37824344,
            "h": 4089.21751367,
            "l": 4032.08665404,
            "o": 4071.1229258
        }
    },
    {
        "t": 1553126400,
        "o": {
            "c": 4031.48944687,
            "h": 4098.83600535,
            "l": 4005.68035002,
            "o": 4085.7192442
        }
    },
    {
        "t": 1553212800,
        "o": {
            "c": 4023.91043451,
            "h": 4054.02827724,
            "l": 4020.67335033,
            "o": 4030.42836944
        }
    },
    {
        "t": 1553299200,
        "o": {
            "c": 4036.5766927,
            "h": 4050.21816607,
            "l": 4015.47143366,
            "o": 4023.56589144
        }
    },
    {
        "t": 1553385600,
        "o": {
            "c": 4018.86969869,
            "h": 4039.07966151,
            "l": 4006.87963497,
            "o": 4034.51787899
        }
    },
    {
        "t": 1553472000,
        "o": {
            "c": 3963.78397879,
            "h": 4038.02616398,
            "l": 3928.24023272,
            "o": 4022.3344762
        }
    },
    {
        "t": 1553558400,
        "o": {
            "c": 3985.08080287,
            "h": 3985.08080287,
            "l": 3943.82684549,
            "o": 3966.38989229
        }
    },
    {
        "t": 1553644800,
        "o": {
            "c": 4086.67786266,
            "h": 4087.26564213,
            "l": 3976.66216795,
            "o": 3984.05865565
        }
    },
    {
        "t": 1553731200,
        "o": {
            "c": 4069.10714977,
            "h": 4092.89796395,
            "l": 4040.39756699,
            "o": 4088.34231603
        }
    },
    {
        "t": 1553817600,
        "o": {
            "c": 4098.37454059,
            "h": 4112.86097712,
            "l": 4034.13550352,
            "o": 4068.29989093
        }
    },
    {
        "t": 1553904000,
        "o": {
            "c": 4096.91963725,
            "h": 4296.8066502,
            "l": 4053.90965067,
            "o": 4092.33258914
        }
    },
    {
        "t": 1553990400,
        "o": {
            "c": 4104.234233128829,
            "h": 4114.398019323669,
            "l": 4084.641275167787,
            "o": 4107.576910994769
        }
    },
    {
        "t": 1554076800,
        "o": {
            "c": 4157.46569937,
            "h": 4164.95332383,
            "l": 4129.6333425,
            "o": 4136.10966524
        }
    },
    {
        "t": 1554163200,
        "o": {
            "c": 4886.74969679,
            "h": 4902.06297099,
            "l": 4156.27698338,
            "o": 4158.79582972
        }
    },
    {
        "t": 1554249600,
        "o": {
            "c": 4971.30774104,
            "h": 5305.91775262,
            "l": 4879.95813337,
            "o": 4879.95813337
        }
    },
    {
        "t": 1554336000,
        "o": {
            "c": 4922.79878778,
            "h": 5061.61795357,
            "l": 4837.20633591,
            "o": 4982.38145099
        }
    },
    {
        "t": 1554422400,
        "o": {
            "c": 5036.79302365,
            "h": 5050.37932888,
            "l": 4919.49163361,
            "o": 4929.4628524
        }
    },
    {
        "t": 1554508800,
        "o": {
            "c": 5062.79376134,
            "h": 5200.70062812,
            "l": 4994.2466315,
            "o": 5037.51135107
        }
    },
    {
        "t": 1554595200,
        "o": {
            "c": 5198.89699014,
            "h": 5235.1864351,
            "l": 5050.65925621,
            "o": 5059.9403678
        }
    },
    {
        "t": 1554681600,
        "o": {
            "c": 5289.91798137,
            "h": 5316.7714829,
            "l": 5153.14618365,
            "o": 5198.96643568
        }
    },
    {
        "t": 1554768000,
        "o": {
            "c": 5204.95837847,
            "h": 5283.72512232,
            "l": 5170.03380163,
            "o": 5283.72512232
        }
    },
    {
        "t": 1554854400,
        "o": {
            "c": 5325.08155529,
            "h": 5420.0151009,
            "l": 5195.94253464,
            "o": 5199.25933143
        }
    },
    {
        "t": 1554940800,
        "o": {
            "c": 5064.48767243,
            "h": 5346.67548594,
            "l": 5018.99749514,
            "o": 5332.19183084
        }
    },
    {
        "t": 1555027200,
        "o": {
            "c": 5088.84997329,
            "h": 5102.39650934,
            "l": 4959.6997238,
            "o": 5055.44514558
        }
    },
    {
        "t": 1555113600,
        "o": {
            "c": 5096.58656276,
            "h": 5125.57442674,
            "l": 5063.15844748,
            "o": 5085.89730758
        }
    },
    {
        "t": 1555200000,
        "o": {
            "c": 5167.32198286,
            "h": 5183.95305168,
            "l": 5054.85490603,
            "o": 5091.79068689
        }
    },
    {
        "t": 1555286400,
        "o": {
            "c": 5066.18715458,
            "h": 5196.28645035,
            "l": 5024.21667997,
            "o": 5172.82196344
        }
    },
    {
        "t": 1555372800,
        "o": {
            "c": 5237.59520905,
            "h": 5237.74285927,
            "l": 5055.63441365,
            "o": 5065.50710931
        }
    },
    {
        "t": 1555459200,
        "o": {
            "c": 5251.66380021,
            "h": 5273.19100808,
            "l": 5220.91458997,
            "o": 5236.19521033
        }
    },
    {
        "t": 1555545600,
        "o": {
            "c": 5299.16459453,
            "h": 5319.1345407,
            "l": 5250.86463748,
            "o": 5252.97943913
        }
    },
    {
        "t": 1555632000,
        "o": {
            "c": 5305.45513705,
            "h": 5336.68000293,
            "l": 5233.5701453,
            "o": 5296.26913569
        }
    },
    {
        "t": 1555718400,
        "o": {
            "c": 5337.37851834,
            "h": 5357.94531588,
            "l": 5295.87771212,
            "o": 5305.57754694
        }
    },
    {
        "t": 1555804800,
        "o": {
            "c": 5314.5314532,
            "h": 5359.03076757,
            "l": 5259.82458995,
            "o": 5335.27217207
        }
    },
    {
        "t": 1555891200,
        "o": {
            "c": 5399.71139699,
            "h": 5421.68914526,
            "l": 5280.97412861,
            "o": 5312.19998289
        }
    },
    {
        "t": 1555977600,
        "o": {
            "c": 5571.97722679,
            "h": 5633.80205461,
            "l": 5391.08522379,
            "o": 5402.12900542
        }
    },
    {
        "t": 1556064000,
        "o": {
            "c": 5464.86664182,
            "h": 5640.62802894,
            "l": 5418.26332858,
            "o": 5565.38562401
        }
    },
    {
        "t": 1556150400,
        "o": {
            "c": 5210.59362141,
            "h": 5541.70354071,
            "l": 5186.06515924,
            "o": 5469.22581121
        }
    },
    {
        "t": 1556236800,
        "o": {
            "c": 5280.61484521,
            "h": 5378.49449687,
            "l": 5181.30764677,
            "o": 5211.86373559
        }
    },
    {
        "t": 1556323200,
        "o": {
            "c": 5266.45814395,
            "h": 5310.07856043,
            "l": 5233.86154802,
            "o": 5284.00765002
        }
    },
    {
        "t": 1556409600,
        "o": {
            "c": 5285.13900822,
            "h": 5325.71660604,
            "l": 5255.68374555,
            "o": 5270.61932688
        }
    },
    {
        "t": 1556496000,
        "o": {
            "c": 5248.20427091,
            "h": 5310.91232526,
            "l": 5217.44054083,
            "o": 5286.74425476
        }
    },
    {
        "t": 1556582400,
        "o": {
            "c": 5350.03250117,
            "h": 5361.01948802,
            "l": 5225.05583286,
            "o": 5247.30621199
        }
    },
    {
        "t": 1556668800,
        "o": {
            "c": 5401.02963619,
            "h": 5416.91914451,
            "l": 5348.57193586,
            "o": 5350.45755263
        }
    },
    {
        "t": 1556755200,
        "o": {
            "c": 5505.28367176,
            "h": 5521.31401513,
            "l": 5395.5970381,
            "o": 5405.91516328
        }
    },
    {
        "t": 1556841600,
        "o": {
            "c": 5768.28940693,
            "h": 5864.90226901,
            "l": 5490.60860015,
            "o": 5503.19550801
        }
    },
    {
        "t": 1556928000,
        "o": {
            "c": 5829.93903031,
            "h": 5881.5158192,
            "l": 5645.61942662,
            "o": 5768.78256366
        }
    },
    {
        "t": 1557014400,
        "o": {
            "c": 5790.99875859,
            "h": 5828.43394308,
            "l": 5708.03512399,
            "o": 5827.11154189
        }
    },
    {
        "t": 1557100800,
        "o": {
            "c": 5750.26065528,
            "h": 5799.5167969,
            "l": 5661.7297708,
            "o": 5786.73055749
        }
    },
    {
        "t": 1557187200,
        "o": {
            "c": 5843.49506628,
            "h": 5987.79927942,
            "l": 5742.17183819,
            "o": 5745.00922042
        }
    },
    {
        "t": 1557273600,
        "o": {
            "c": 5983.76061268,
            "h": 5988.61297939,
            "l": 5795.01159073,
            "o": 5821.34865987
        }
    },
    {
        "t": 1557360000,
        "o": {
            "c": 6174.13234808,
            "h": 6182.77815041,
            "l": 5986.07258262,
            "o": 5986.07258262
        }
    },
    {
        "t": 1557446400,
        "o": {
            "c": 6379.29211794,
            "h": 6432.95467609,
            "l": 6161.96393256,
            "o": 6179.42998657
        }
    },
    {
        "t": 1557532800,
        "o": {
            "c": 7212.29317912,
            "h": 7324.4337096,
            "l": 6376.68409749,
            "o": 6376.68409749
        }
    },
    {
        "t": 1557619200,
        "o": {
            "c": 6972.37152291,
            "h": 7500.80113121,
            "l": 6825.49618484,
            "o": 7194.08355425
        }
    },
    {
        "t": 1557705600,
        "o": {
            "c": 7807.13438133,
            "h": 8046.54440782,
            "l": 6901.95534965,
            "o": 6967.23280108
        }
    },
    {
        "t": 1557792000,
        "o": {
            "c": 7994.41615632,
            "h": 8265.04614707,
            "l": 7696.39104325,
            "o": 7800.32326801
        }
    },
    {
        "t": 1557878400,
        "o": {
            "c": 8205.16749484,
            "h": 8215.58285785,
            "l": 7901.34945204,
            "o": 7994.19762377
        }
    },
    {
        "t": 1557964800,
        "o": {
            "c": 7883.39290525,
            "h": 8317.75678747,
            "l": 7745.82133897,
            "o": 8180.78422687
        }
    },
    {
        "t": 1558051200,
        "o": {
            "c": 7332.33362812,
            "h": 7926.86504989,
            "l": 7044.89302154,
            "o": 7896.71539081
        }
    },
    {
        "t": 1558137600,
        "o": {
            "c": 7272.8703646,
            "h": 7442.54889811,
            "l": 7251.50451112,
            "o": 7354.1017128
        }
    },
    {
        "t": 1558224000,
        "o": {
            "c": 8197.08154991,
            "h": 8251.76222651,
            "l": 7271.36486579,
            "o": 7276.11426951
        }
    },
    {
        "t": 1558310400,
        "o": {
            "c": 7977.28172834,
            "h": 8187.85753609,
            "l": 7687.49299093,
            "o": 8187.85753609
        }
    },
    {
        "t": 1558396800,
        "o": {
            "c": 7964.08716828,
            "h": 8053.33693169,
            "l": 7843.33978307,
            "o": 7981.75514113
        }
    },
    {
        "t": 1558483200,
        "o": {
            "c": 7684.84214611,
            "h": 7997.37966132,
            "l": 7628.68732639,
            "o": 7960.50759565
        }
    },
    {
        "t": 1558569600,
        "o": {
            "c": 7881.84672105,
            "h": 7943.79138993,
            "l": 7541.44443999,
            "o": 7671.96676838
        }
    },
    {
        "t": 1558656000,
        "o": {
            "c": 7987.37156583,
            "h": 8140.71991773,
            "l": 7828.30135707,
            "o": 7876.15118011
        }
    },
    {
        "t": 1558742400,
        "o": {
            "c": 8052.54385907,
            "h": 8115.99295932,
            "l": 7968.26237181,
            "o": 8001.68835939
        }
    },
    {
        "t": 1558828800,
        "o": {
            "c": 8674.07240318,
            "h": 8681.87849893,
            "l": 7924.67019111,
            "o": 8053.81563674
        }
    },
    {
        "t": 1558915200,
        "o": {
            "c": 8802.75819975,
            "h": 8891.88349695,
            "l": 8673.8280423,
            "o": 8688.67769762
        }
    },
    {
        "t": 1559001600,
        "o": {
            "c": 8719.9617362,
            "h": 8796.87909733,
            "l": 8634.72130428,
            "o": 8775.17499291
        }
    },
    {
        "t": 1559088000,
        "o": {
            "c": 8658.62021569,
            "h": 8749.76851277,
            "l": 8487.86517604,
            "o": 8709.61844455
        }
    },
    {
        "t": 1559174400,
        "o": {
            "c": 8313.21305379,
            "h": 9008.31456846,
            "l": 8245.73338624,
            "o": 8660.81251906
        }
    },
    {
        "t": 1559260800,
        "o": {
            "c": 8584.03749936,
            "h": 8584.03749936,
            "l": 8179.49648626,
            "o": 8318.7670043
        }
    },
    {
        "t": 1559347200,
        "o": {
            "c": 8567.49579932,
            "h": 8621.06239545,
            "l": 8483.15977784,
            "o": 8570.55818669
        }
    },
    {
        "t": 1559433600,
        "o": {
            "c": 8744.99858488,
            "h": 8808.21510052,
            "l": 8562.65615454,
            "o": 8564.67637559
        }
    },
    {
        "t": 1559520000,
        "o": {
            "c": 8214.54501611,
            "h": 8741.7642583,
            "l": 8204.18581516,
            "o": 8741.7642583
        }
    },
    {
        "t": 1559606400,
        "o": {
            "c": 7694.79046347,
            "h": 8202.54462512,
            "l": 7566.89809661,
            "o": 8202.54462512
        }
    },
    {
        "t": 1559692800,
        "o": {
            "c": 7820.49742937,
            "h": 7898.81601792,
            "l": 7669.31847831,
            "o": 7706.14403289
        }
    },
    {
        "t": 1559779200,
        "o": {
            "c": 7823.96826187,
            "h": 7931.28679692,
            "l": 7574.00973064,
            "o": 7822.06180679
        }
    },
    {
        "t": 1559865600,
        "o": {
            "c": 8042.62455272,
            "h": 8123.30740232,
            "l": 7788.3733918,
            "o": 7825.23595667
        }
    },
    {
        "t": 1559952000,
        "o": {
            "c": 7941.75919036,
            "h": 8076.89110147,
            "l": 7841.98096023,
            "o": 8027.26919882
        }
    },
    {
        "t": 1560038400,
        "o": {
            "c": 7686.70517038,
            "h": 7975.97432619,
            "l": 7585.33515703,
            "o": 7948.49015952
        }
    },
    {
        "t": 1560124800,
        "o": {
            "c": 7994.91667422,
            "h": 8030.84444965,
            "l": 7586.73084679,
            "o": 7680.39605152
        }
    },
    {
        "t": 1560211200,
        "o": {
            "c": 7923.19557195,
            "h": 8020.39260619,
            "l": 7777.06199755,
            "o": 8007.0289706
        }
    },
    {
        "t": 1560297600,
        "o": {
            "c": 8139.61233897,
            "h": 8195.21333729,
            "l": 7864.289629,
            "o": 7929.88638575
        }
    },
    {
        "t": 1560384000,
        "o": {
            "c": 8226.39499438,
            "h": 8311.56742951,
            "l": 8087.06116595,
            "o": 8146.09298786
        }
    },
    {
        "t": 1560470400,
        "o": {
            "c": 8690.3978563,
            "h": 8706.37825668,
            "l": 8183.39293312,
            "o": 8232.9691052
        }
    },
    {
        "t": 1560556800,
        "o": {
            "c": 8839.69426128,
            "h": 8858.8170055,
            "l": 8618.39596373,
            "o": 8690.36480064
        }
    },
    {
        "t": 1560643200,
        "o": {
            "c": 8993.51985508,
            "h": 9335.86694232,
            "l": 8815.4096822,
            "o": 8841.71881342
        }
    },
    {
        "t": 1560729600,
        "o": {
            "c": 9323.18877291,
            "h": 9393.19152834,
            "l": 8988.92682458,
            "o": 8988.92682458
        }
    },
    {
        "t": 1560816000,
        "o": {
            "c": 9070.351716,
            "h": 9348.37442796,
            "l": 9012.88991606,
            "o": 9334.45714022
        }
    },
    {
        "t": 1560902400,
        "o": {
            "c": 9276.77182364,
            "h": 9287.18820119,
            "l": 9077.05143941,
            "o": 9077.05143941
        }
    },
    {
        "t": 1560988800,
        "o": {
            "c": 9527.85336616,
            "h": 9588.27479481,
            "l": 9233.40725125,
            "o": 9271.96408555
        }
    },
    {
        "t": 1561075200,
        "o": {
            "c": 10118.5985274,
            "h": 10118.5985274,
            "l": 9527.6241847,
            "o": 9527.6241847
        }
    },
    {
        "t": 1561161600,
        "o": {
            "c": 10694.29348,
            "h": 11157.3455164,
            "l": 10111.9387391,
            "o": 10178.0210488
        }
    },
    {
        "t": 1561248000,
        "o": {
            "c": 10842.5148341,
            "h": 11233.8190776,
            "l": 10559.7574032,
            "o": 10695.4664564
        }
    },
    {
        "t": 1561334400,
        "o": {
            "c": 11006.9875879,
            "h": 11065.8960178,
            "l": 10610.4280819,
            "o": 10853.3594757
        }
    },
    {
        "t": 1561420800,
        "o": {
            "c": 11784.6041669,
            "h": 11784.6041669,
            "l": 11013.1040314,
            "o": 11013.1040314
        }
    },
    {
        "t": 1561507200,
        "o": {
            "c": 13003.3251831,
            "h": 13796.4890807,
            "l": 11768.2225379,
            "o": 11787.8507531
        }
    },
    {
        "t": 1561593600,
        "o": {
            "c": 11151.3707985,
            "h": 13293.5568861,
            "l": 10513.1798302,
            "o": 13005.8689595
        }
    },
    {
        "t": 1561680000,
        "o": {
            "c": 12392.3293102,
            "h": 12445.1752203,
            "l": 10949.5565739,
            "o": 11192.8214734
        }
    },
    {
        "t": 1561766400,
        "o": {
            "c": 11958.9651413,
            "h": 12400.910221,
            "l": 11518.3216351,
            "o": 12400.910221
        }
    },
    {
        "t": 1561852800,
        "o": {
            "c": 10817.5692473,
            "h": 12167.3537732,
            "l": 10817.5692473,
            "o": 11948.3694999
        }
    },
    {
        "t": 1561939200,
        "o": {
            "c": 10590.7580719,
            "h": 11206.4398606,
            "l": 10089.3143739,
            "o": 10820.0871886
        }
    },
    {
        "t": 1562025600,
        "o": {
            "c": 10810.4966905,
            "h": 10912.1886159,
            "l": 9737.88454398,
            "o": 10589.0494913
        }
    },
    {
        "t": 1562112000,
        "o": {
            "c": 11953.3879742,
            "h": 11954.0158869,
            "l": 10888.9417455,
            "o": 10888.9417455
        }
    },
    {
        "t": 1562198400,
        "o": {
            "c": 11212.6101976,
            "h": 11993.841439,
            "l": 11207.4662626,
            "o": 11986.6544597
        }
    },
    {
        "t": 1562284800,
        "o": {
            "c": 10984.1057812,
            "h": 11386.4589116,
            "l": 10887.5438612,
            "o": 11168.382748
        }
    },
    {
        "t": 1562371200,
        "o": {
            "c": 11209.2110757,
            "h": 11605.2796008,
            "l": 11015.4440408,
            "o": 11015.4440408
        }
    },
    {
        "t": 1562457600,
        "o": {
            "c": 11451.3503881,
            "h": 11538.7378548,
            "l": 11159.8944496,
            "o": 11162.6406217
        }
    },
    {
        "t": 1562544000,
        "o": {
            "c": 12285.7323738,
            "h": 12339.1233071,
            "l": 11399.7327769,
            "o": 11453.5123512
        }
    },
    {
        "t": 1562630400,
        "o": {
            "c": 12560.6272457,
            "h": 12756.811194,
            "l": 12237.7781673,
            "o": 12282.5387214
        }
    },
    {
        "t": 1562716800,
        "o": {
            "c": 12152.5890505,
            "h": 13117.1061499,
            "l": 11763.6718377,
            "o": 12559.4672764
        }
    },
    {
        "t": 1562803200,
        "o": {
            "c": 11345.7367321,
            "h": 12108.744452,
            "l": 11168.7497012,
            "o": 12108.744452
        }
    },
    {
        "t": 1562889600,
        "o": {
            "c": 11816.4282932,
            "h": 11894.0245083,
            "l": 11184.9956754,
            "o": 11349.006308
        }
    },
    {
        "t": 1562976000,
        "o": {
            "c": 11373.0446962,
            "h": 11841.9572004,
            "l": 10912.2865662,
            "o": 11829.0289559
        }
    },
    {
        "t": 1563062400,
        "o": {
            "c": 10258.343575,
            "h": 11446.9989729,
            "l": 10237.4418775,
            "o": 11401.9495782
        }
    },
    {
        "t": 1563148800,
        "o": {
            "c": 10902.4940933,
            "h": 11041.6798632,
            "l": 9992.00724951,
            "o": 10263.0557527
        }
    },
    {
        "t": 1563235200,
        "o": {
            "c": 9493.31755974,
            "h": 10991.7888063,
            "l": 9464.60300824,
            "o": 10882.3363773
        }
    },
    {
        "t": 1563321600,
        "o": {
            "c": 9694.45068639,
            "h": 9960.67270069,
            "l": 9183.59009607,
            "o": 9487.8461456
        }
    },
    {
        "t": 1563408000,
        "o": {
            "c": 10663.3319664,
            "h": 10720.3062517,
            "l": 9380.36608426,
            "o": 9698.03951412
        }
    },
    {
        "t": 1563494400,
        "o": {
            "c": 10533.9668428,
            "h": 10715.8369185,
            "l": 10246.8649562,
            "o": 10668.4056819
        }
    },
    {
        "t": 1563580800,
        "o": {
            "c": 10770.4048064,
            "h": 11044.8255154,
            "l": 10452.0022409,
            "o": 10535.7172077
        }
    },
    {
        "t": 1563667200,
        "o": {
            "c": 10598.6005555,
            "h": 10829.8304255,
            "l": 10392.065546,
            "o": 10773.9344375
        }
    },
    {
        "t": 1563753600,
        "o": {
            "c": 10339.5348432,
            "h": 10645.003855,
            "l": 10161.1781183,
            "o": 10615.3133756
        }
    },
    {
        "t": 1563840000,
        "o": {
            "c": 9900.10969969,
            "h": 10333.9921191,
            "l": 9883.59513007,
            "o": 10333.9921191
        }
    },
    {
        "t": 1563926400,
        "o": {
            "c": 9821.99302633,
            "h": 9901.61913808,
            "l": 9627.82603019,
            "o": 9873.36635152
        }
    },
    {
        "t": 1564012800,
        "o": {
            "c": 9912.80914244,
            "h": 10151.0985387,
            "l": 9778.81079331,
            "o": 9795.96270762
        }
    },
    {
        "t": 1564099200,
        "o": {
            "c": 9872.51472048,
            "h": 9912.97826008,
            "l": 9721.66471987,
            "o": 9912.97826008
        }
    },
    {
        "t": 1564185600,
        "o": {
            "c": 9457.60326361,
            "h": 10156.3205411,
            "l": 9423.13142859,
            "o": 9866.19343799
        }
    },
    {
        "t": 1564272000,
        "o": {
            "c": 9555.36758424,
            "h": 9574.96566056,
            "l": 9261.71064572,
            "o": 9490.21337454
        }
    },
    {
        "t": 1564358400,
        "o": {
            "c": 9521.49191299,
            "h": 9680.25329798,
            "l": 9481.07745873,
            "o": 9547.97917185
        }
    },
    {
        "t": 1564444800,
        "o": {
            "c": 9604.74200395,
            "h": 9701.7593939,
            "l": 9444.99878476,
            "o": 9529.27572618
        }
    },
    {
        "t": 1564531200,
        "o": {
            "c": 10085.6277491,
            "h": 10085.6277491,
            "l": 9601.64426084,
            "o": 9601.64426084
        }
    },
    {
        "t": 1564617600,
        "o": {
            "c": 10399.6694229,
            "h": 10441.3250371,
            "l": 9928.49732198,
            "o": 10083.1371219
        }
    },
    {
        "t": 1564704000,
        "o": {
            "c": 10518.1746772,
            "h": 10654.4353677,
            "l": 10371.8988512,
            "o": 10417.2575696
        }
    },
    {
        "t": 1564790400,
        "o": {
            "c": 10821.7265103,
            "h": 10915.8810228,
            "l": 10505.4661552,
            "o": 10520.9916394
        }
    },
    {
        "t": 1564876800,
        "o": {
            "c": 10970.1842157,
            "h": 11008.540909,
            "l": 10625.0684916,
            "o": 10823.4755599
        }
    },
    {
        "t": 1564963200,
        "o": {
            "c": 11805.6537253,
            "h": 11895.0919275,
            "l": 10967.4370951,
            "o": 10967.4370951
        }
    },
    {
        "t": 1565049600,
        "o": {
            "c": 11478.1693461,
            "h": 12273.8213783,
            "l": 11290.7316542,
            "o": 11810.279073
        }
    },
    {
        "t": 1565136000,
        "o": {
            "c": 11941.9683406,
            "h": 12033.1002116,
            "l": 11434.0112593,
            "o": 11453.6396047
        }
    },
    {
        "t": 1565222400,
        "o": {
            "c": 11966.407405,
            "h": 11976.3781889,
            "l": 11564.7333538,
            "o": 11976.3781889
        }
    },
    {
        "t": 1565308800,
        "o": {
            "c": 11862.93676,
            "h": 11961.4862707,
            "l": 11713.7609986,
            "o": 11961.4862707
        }
    },
    {
        "t": 1565395200,
        "o": {
            "c": 11354.0242177,
            "h": 11911.6257742,
            "l": 11325.736925,
            "o": 11868.6957002
        }
    },
    {
        "t": 1565481600,
        "o": {
            "c": 11523.5793784,
            "h": 11523.5793784,
            "l": 11254.1506731,
            "o": 11336.4938732
        }
    },
    {
        "t": 1565568000,
        "o": {
            "c": 11382.6159562,
            "h": 11516.0319282,
            "l": 11329.3050611,
            "o": 11516.0319282
        }
    },
    {
        "t": 1565654400,
        "o": {
            "c": 10895.8304358,
            "h": 11420.0498609,
            "l": 10830.3269144,
            "o": 11389.1449888
        }
    },
    {
        "t": 1565740800,
        "o": {
            "c": 10038.4217089,
            "h": 10884.6368192,
            "l": 10028.1353635,
            "o": 10884.6368192
        }
    },
    {
        "t": 1565827200,
        "o": {
            "c": 10311.545429,
            "h": 10435.2545559,
            "l": 9676.63037445,
            "o": 10091.2385905
        }
    },
    {
        "t": 1565913600,
        "o": {
            "c": 10374.3393471,
            "h": 10516.1169968,
            "l": 9881.04351618,
            "o": 10299.494384
        }
    },
    {
        "t": 1566000000,
        "o": {
            "c": 10231.7438454,
            "h": 10446.9791859,
            "l": 10096.6980808,
            "o": 10351.061588
        }
    },
    {
        "t": 1566086400,
        "o": {
            "c": 10345.8103795,
            "h": 10486.3576452,
            "l": 10119.0946079,
            "o": 10231.5928914
        }
    },
    {
        "t": 1566172800,
        "o": {
            "c": 10916.0538702,
            "h": 10916.0538702,
            "l": 10313.4163075,
            "o": 10342.1993714
        }
    },
    {
        "t": 1566259200,
        "o": {
            "c": 10763.2326304,
            "h": 10929.3614037,
            "l": 10628.0021215,
            "o": 10929.3614037
        }
    },
    {
        "t": 1566345600,
        "o": {
            "c": 10138.049355,
            "h": 10794.0432202,
            "l": 9962.7216442,
            "o": 10778.9932943
        }
    },
    {
        "t": 1566432000,
        "o": {
            "c": 10131.0561021,
            "h": 10218.8138362,
            "l": 9833.02998713,
            "o": 10131.9694849
        }
    },
    {
        "t": 1566518400,
        "o": {
            "c": 10407.965329,
            "h": 10442.4435166,
            "l": 10078.1927261,
            "o": 10111.3727288
        }
    },
    {
        "t": 1566604800,
        "o": {
            "c": 10159.9605385,
            "h": 10416.3479942,
            "l": 9982.29685483,
            "o": 10411.5788809
        }
    },
    {
        "t": 1566691200,
        "o": {
            "c": 10138.517665,
            "h": 10299.8179905,
            "l": 10009.9820912,
            "o": 10154.7024422
        }
    },
    {
        "t": 1566777600,
        "o": {
            "c": 10372.8263035,
            "h": 10510.2740679,
            "l": 10143.9232424,
            "o": 10143.9232424
        }
    },
    {
        "t": 1566864000,
        "o": {
            "c": 10185.4998997,
            "h": 10377.9104856,
            "l": 10088.1871469,
            "o": 10377.9104856
        }
    },
    {
        "t": 1566950400,
        "o": {
            "c": 9756.78570735,
            "h": 10279.3659944,
            "l": 9716.74575832,
            "o": 10193.4800707
        }
    },
    {
        "t": 1567036800,
        "o": {
            "c": 9510.20054413,
            "h": 9738.65227882,
            "l": 9423.66733963,
            "o": 9738.03303872
        }
    },
    {
        "t": 1567123200,
        "o": {
            "c": 9598.17364826,
            "h": 9648.12725383,
            "l": 9432.3220061,
            "o": 9506.14851232
        }
    },
    {
        "t": 1567209600,
        "o": {
            "c": 9630.59319616,
            "h": 9673.22043974,
            "l": 9535.42663897,
            "o": 9599.94872089
        }
    },
    {
        "t": 1567296000,
        "o": {
            "c": 9757.97031807,
            "h": 9792.10569453,
            "l": 9582.94463078,
            "o": 9625.73695812
        }
    },
    {
        "t": 1567382400,
        "o": {
            "c": 10346.7607927,
            "h": 10390.0685686,
            "l": 9749.79179532,
            "o": 9755.56076507
        }
    },
    {
        "t": 1567468800,
        "o": {
            "c": 10623.5401172,
            "h": 10731.4103123,
            "l": 10308.5478807,
            "o": 10362.9598103
        }
    },
    {
        "t": 1567555200,
        "o": {
            "c": 10594.4933536,
            "h": 10761.1701105,
            "l": 10434.7103971,
            "o": 10615.0135595
        }
    },
    {
        "t": 1567641600,
        "o": {
            "c": 10575.533284,
            "h": 10627.2698685,
            "l": 10516.4182336,
            "o": 10586.6389825
        }
    },
    {
        "t": 1567728000,
        "o": {
            "c": 10353.3025592,
            "h": 10898.7621803,
            "l": 10294.6398736,
            "o": 10583.9941623
        }
    },
    {
        "t": 1567814400,
        "o": {
            "c": 10517.254784,
            "h": 10556.5916433,
            "l": 10356.4780085,
            "o": 10356.4780085
        }
    },
    {
        "t": 1567900800,
        "o": {
            "c": 10441.275979,
            "h": 10586.3471174,
            "l": 10411.8652249,
            "o": 10516.3674267
        }
    },
    {
        "t": 1567987200,
        "o": {
            "c": 10334.9741628,
            "h": 10449.0420532,
            "l": 10158.3122192,
            "o": 10439.071093
        }
    },
    {
        "t": 1568073600,
        "o": {
            "c": 10115.9757913,
            "h": 10389.4804024,
            "l": 10027.1606105,
            "o": 10330.4707217
        }
    },
    {
        "t": 1568160000,
        "o": {
            "c": 10178.3718893,
            "h": 10211.7209942,
            "l": 10013.5082281,
            "o": 10116.1377183
        }
    },
    {
        "t": 1568246400,
        "o": {
            "c": 10410.1268031,
            "h": 10442.2538742,
            "l": 10100.4722625,
            "o": 10191.599153
        }
    },
    {
        "t": 1568332800,
        "o": {
            "c": 10360.5472773,
            "h": 10438.3805574,
            "l": 10228.6378907,
            "o": 10422.4432292
        }
    },
    {
        "t": 1568419200,
        "o": {
            "c": 10358.0491621,
            "h": 10418.023018,
            "l": 10296.5121968,
            "o": 10351.9851245
        }
    },
    {
        "t": 1568505600,
        "o": {
            "c": 10347.7129074,
            "h": 10386.944071,
            "l": 10316.7880309,
            "o": 10358.0737747
        }
    },
    {
        "t": 1568592000,
        "o": {
            "c": 10276.7935649,
            "h": 10383.5703773,
            "l": 10191.0933129,
            "o": 10345.4982931
        }
    },
    {
        "t": 1568678400,
        "o": {
            "c": 10241.2721545,
            "h": 10292.2148082,
            "l": 10199.7397431,
            "o": 10283.0043969
        }
    },
    {
        "t": 1568764800,
        "o": {
            "c": 10198.2484072,
            "h": 10273.3242642,
            "l": 10197.3604618,
            "o": 10237.7779212
        }
    },
    {
        "t": 1568851200,
        "o": {
            "c": 10266.4149694,
            "h": 10295.6689895,
            "l": 9857.79841054,
            "o": 10208.5455996
        }
    },
    {
        "t": 1568937600,
        "o": {
            "c": 10181.6413094,
            "h": 10280.9695212,
            "l": 10133.9541343,
            "o": 10271.3307944
        }
    },
    {
        "t": 1569024000,
        "o": {
            "c": 10019.7169101,
            "h": 10185.2098216,
            "l": 10006.5183751,
            "o": 10177.2445569
        }
    },
    {
        "t": 1569110400,
        "o": {
            "c": 10070.3921064,
            "h": 10073.8759643,
            "l": 9922.53339543,
            "o": 10022.5471103
        }
    },
    {
        "t": 1569196800,
        "o": {
            "c": 9729.32376435,
            "h": 10070.0546717,
            "l": 9729.32376435,
            "o": 10070.0546717
        }
    },
    {
        "t": 1569283200,
        "o": {
            "c": 8620.56642733,
            "h": 9803.31977893,
            "l": 8370.80138242,
            "o": 9728.99517678
        }
    },
    {
        "t": 1569369600,
        "o": {
            "c": 8486.99297206,
            "h": 8732.89084883,
            "l": 8325.40235769,
            "o": 8605.70189999
        }
    },
    {
        "t": 1569456000,
        "o": {
            "c": 8118.96756783,
            "h": 8505.23619829,
            "l": 7906.88704144,
            "o": 8474.72671275
        }
    },
    {
        "t": 1569542400,
        "o": {
            "c": 8251.84555744,
            "h": 8265.89429509,
            "l": 7975.12361028,
            "o": 8113.07533017
        }
    },
    {
        "t": 1569628800,
        "o": {
            "c": 8245.91515478,
            "h": 8284.02732123,
            "l": 8125.43166316,
            "o": 8254.28283449
        }
    },
    {
        "t": 1569715200,
        "o": {
            "c": 8104.18567564,
            "h": 8255.55167736,
            "l": 7990.49716007,
            "o": 8253.71499468
        }
    },
    {
        "t": 1569801600,
        "o": {
            "c": 8293.86774062,
            "h": 8314.23099666,
            "l": 7832.47235382,
            "o": 8099.88507196
        }
    },
    {
        "t": 1569888000,
        "o": {
            "c": 8343.2766814,
            "h": 8492.98653922,
            "l": 8235.74219683,
            "o": 8295.01959351
        }
    },
    {
        "t": 1569974400,
        "o": {
            "c": 8393.04164486,
            "h": 8393.04164486,
            "l": 8227.69570267,
            "o": 8345.33363611
        }
    },
    {
        "t": 1570060800,
        "o": {
            "c": 8259.99197863,
            "h": 8414.22717061,
            "l": 8146.43684146,
            "o": 8414.22717061
        }
    },
    {
        "t": 1570147200,
        "o": {
            "c": 8205.93924121,
            "h": 8248.26781446,
            "l": 8151.25557452,
            "o": 8248.26781446
        }
    },
    {
        "t": 1570233600,
        "o": {
            "c": 8151.50052921,
            "h": 8214.79015635,
            "l": 8071.12083379,
            "o": 8196.13195772
        }
    },
    {
        "t": 1570320000,
        "o": {
            "c": 7988.15595888,
            "h": 8161.41016074,
            "l": 7967.7144655,
            "o": 8152.59034501
        }
    },
    {
        "t": 1570406400,
        "o": {
            "c": 8245.622933,
            "h": 8305.10739174,
            "l": 7907.5630838,
            "o": 7980.63414264
        }
    },
    {
        "t": 1570492800,
        "o": {
            "c": 8228.7831528,
            "h": 8327.58548974,
            "l": 8187.23044799,
            "o": 8246.40272452
        }
    },
    {
        "t": 1570579200,
        "o": {
            "c": 8595.73981722,
            "h": 8626.14353946,
            "l": 8169.29898629,
            "o": 8226.74986781
        }
    },
    {
        "t": 1570665600,
        "o": {
            "c": 8583.1788414,
            "h": 8621.26665652,
            "l": 8475.0094133,
            "o": 8588.76863371
        }
    },
    {
        "t": 1570752000,
        "o": {
            "c": 8321.11873109,
            "h": 8714.5046001,
            "l": 8321.11873109,
            "o": 8585.26280768
        }
    },
    {
        "t": 1570838400,
        "o": {
            "c": 8342.69554698,
            "h": 8415.24222171,
            "l": 8315.66465289,
            "o": 8315.66465289
        }
    },
    {
        "t": 1570924800,
        "o": {
            "c": 8323.08261224,
            "h": 8470.92224631,
            "l": 8278.44065784,
            "o": 8336.90223051
        }
    },
    {
        "t": 1571011200,
        "o": {
            "c": 8371.9891356,
            "h": 8390.11614172,
            "l": 8285.11300917,
            "o": 8320.83224411
        }
    },
    {
        "t": 1571097600,
        "o": {
            "c": 8208.03348086,
            "h": 8407.25812225,
            "l": 8183.53611728,
            "o": 8373.45825537
        }
    },
    {
        "t": 1571184000,
        "o": {
            "c": 8057.29564754,
            "h": 8216.56097845,
            "l": 7996.56489939,
            "o": 8204.67452005
        }
    },
    {
        "t": 1571270400,
        "o": {
            "c": 8102.95289694,
            "h": 8133.55393174,
            "l": 8002.5517364,
            "o": 8047.81274259
        }
    },
    {
        "t": 1571356800,
        "o": {
            "c": 7977.41883564,
            "h": 8136.56433075,
            "l": 7903.10030003,
            "o": 8100.93361588
        }
    },
    {
        "t": 1571443200,
        "o": {
            "c": 7990.31255402,
            "h": 8082.62930791,
            "l": 7949.46509091,
            "o": 7973.8037681
        }
    },
    {
        "t": 1571529600,
        "o": {
            "c": 8218.07286805,
            "h": 8276.58641891,
            "l": 7949.43922655,
            "o": 7997.8070221
        }
    },
    {
        "t": 1571616000,
        "o": {
            "c": 8236.27737182,
            "h": 8283.10632993,
            "l": 8198.1955696,
            "o": 8225.11518823
        }
    },
    {
        "t": 1571702400,
        "o": {
            "c": 8080.61566695,
            "h": 8294.23108234,
            "l": 8076.71059219,
            "o": 8243.40209165
        }
    },
    {
        "t": 1571788800,
        "o": {
            "c": 7506.16004227,
            "h": 8092.97497808,
            "l": 7473.11243066,
            "o": 8076.22846601
        }
    },
    {
        "t": 1571875200,
        "o": {
            "c": 7497.31006854,
            "h": 7532.86765606,
            "l": 7451.56668735,
            "o": 7509.72818274
        }
    },
    {
        "t": 1571961600,
        "o": {
            "c": 8656.17219802,
            "h": 8690.82759844,
            "l": 7480.3584525,
            "o": 7490.70317641
        }
    },
    {
        "t": 1572048000,
        "o": {
            "c": 9248.60509745,
            "h": 10021.743983,
            "l": 8667.57715496,
            "o": 8667.57715496
        }
    },
    {
        "t": 1572134400,
        "o": {
            "c": 9559.52904735,
            "h": 9749.52966634,
            "l": 9117.2151106,
            "o": 9241.70707513
        }
    },
    {
        "t": 1572220800,
        "o": {
            "c": 9266.54148344,
            "h": 9805.11808945,
            "l": 9266.54148344,
            "o": 9565.10188348
        }
    },
    {
        "t": 1572307200,
        "o": {
            "c": 9429.56422378,
            "h": 9511.26145759,
            "l": 9234.04025918,
            "o": 9248.4405622
        }
    },
    {
        "t": 1572393600,
        "o": {
            "c": 9209.14008588,
            "h": 9423.88807624,
            "l": 9090.22296052,
            "o": 9422.4633254
        }
    },
    {
        "t": 1572480000,
        "o": {
            "c": 9190.15935841,
            "h": 9355.32304825,
            "l": 9033.84183146,
            "o": 9202.45758879
        }
    },
    {
        "t": 1572566400,
        "o": {
            "c": 9260.4172551,
            "h": 9267.7253325,
            "l": 9132.36299541,
            "o": 9193.99198943
        }
    },
    {
        "t": 1572652800,
        "o": {
            "c": 9324.92966758,
            "h": 9377.48656728,
            "l": 9249.58772699,
            "o": 9259.78300285
        }
    },
    {
        "t": 1572739200,
        "o": {
            "c": 9235.20529549,
            "h": 9379.08930618,
            "l": 9141.70515991,
            "o": 9324.78683223
        }
    },
    {
        "t": 1572825600,
        "o": {
            "c": 9414.27063268,
            "h": 9492.92543176,
            "l": 9194.67851153,
            "o": 9235.60706498
        }
    },
    {
        "t": 1572912000,
        "o": {
            "c": 9348.12927384,
            "h": 9453.63636499,
            "l": 9256.93201502,
            "o": 9413.00494286
        }
    },
    {
        "t": 1572998400,
        "o": {
            "c": 9357.01438149,
            "h": 9423.23703723,
            "l": 9311.83991642,
            "o": 9340.86427973
        }
    },
    {
        "t": 1573084800,
        "o": {
            "c": 9267.47944726,
            "h": 9363.83830913,
            "l": 9206.90044834,
            "o": 9352.39346741
        }
    },
    {
        "t": 1573171200,
        "o": {
            "c": 8816.95087372,
            "h": 9270.98366142,
            "l": 8780.04289439,
            "o": 9265.36833744
        }
    },
    {
        "t": 1573257600,
        "o": {
            "c": 8814.88268835,
            "h": 8891.18677394,
            "l": 8793.16349154,
            "o": 8809.46919831
        }
    },
    {
        "t": 1573344000,
        "o": {
            "c": 9058.22603921,
            "h": 9102.88315815,
            "l": 8807.98798306,
            "o": 8812.48953287
        }
    },
    {
        "t": 1573430400,
        "o": {
            "c": 8756.31731395,
            "h": 9081.27928096,
            "l": 8700.60878725,
            "o": 9056.91770059
        }
    },
    {
        "t": 1573516800,
        "o": {
            "c": 8812.71866317,
            "h": 8853.76817777,
            "l": 8685.42814321,
            "o": 8759.75190096
        }
    },
    {
        "t": 1573603200,
        "o": {
            "c": 8817.26151868,
            "h": 8834.57361924,
            "l": 8761.6511216,
            "o": 8812.03362864
        }
    },
    {
        "t": 1573689600,
        "o": {
            "c": 8710.28507816,
            "h": 8825.35440257,
            "l": 8694.97782844,
            "o": 8811.93633174
        }
    },
    {
        "t": 1573776000,
        "o": {
            "c": 8491.55733354,
            "h": 8727.25871531,
            "l": 8488.82230585,
            "o": 8705.70810061
        }
    },
    {
        "t": 1573862400,
        "o": {
            "c": 8546.7319707,
            "h": 8579.71817441,
            "l": 8475.6072495,
            "o": 8491.16631667
        }
    },
    {
        "t": 1573948800,
        "o": {
            "c": 8572.18503827,
            "h": 8723.50706681,
            "l": 8507.03524255,
            "o": 8549.47090893
        }
    },
    {
        "t": 1574035200,
        "o": {
            "c": 8311.81088865,
            "h": 8651.5396734,
            "l": 8276.30101408,
            "o": 8573.98009164
        }
    },
    {
        "t": 1574121600,
        "o": {
            "c": 8203.93739828,
            "h": 8408.3763519,
            "l": 8100.30760644,
            "o": 8305.13429095
        }
    },
    {
        "t": 1574208000,
        "o": {
            "c": 8027.77939437,
            "h": 8231.65222304,
            "l": 8012.49890917,
            "o": 8203.61317991
        }
    },
    {
        "t": 1574294400,
        "o": {
            "c": 7640.63676782,
            "h": 8109.90386538,
            "l": 7600.57740825,
            "o": 8023.64468729
        }
    },
    {
        "t": 1574380800,
        "o": {
            "c": 7304.96236288,
            "h": 7694.96496679,
            "l": 6962.35999849,
            "o": 7643.56942455
        }
    },
    {
        "t": 1574467200,
        "o": {
            "c": 7384.69785526,
            "h": 7388.29606776,
            "l": 7151.41781411,
            "o": 7296.16442479
        }
    },
    {
        "t": 1574553600,
        "o": {
            "c": 7046.14174647,
            "h": 7404.18793986,
            "l": 7046.14174647,
            "o": 7398.63390574
        }
    },
    {
        "t": 1574640000,
        "o": {
            "c": 7150.12871408,
            "h": 7312.77810936,
            "l": 6621.60935788,
            "o": 7039.97703454
        }
    },
    {
        "t": 1574726400,
        "o": {
            "c": 7223.03582563,
            "h": 7315.8016475,
            "l": 7098.57229752,
            "o": 7145.1590862
        }
    },
    {
        "t": 1574812800,
        "o": {
            "c": 7539.34651048,
            "h": 7607.20411013,
            "l": 6977.31548073,
            "o": 7220.88064968
        }
    },
    {
        "t": 1574899200,
        "o": {
            "c": 7465.22589107,
            "h": 7666.40631049,
            "l": 7455.9567485,
            "o": 7536.82010358
        }
    },
    {
        "t": 1574985600,
        "o": {
            "c": 7762.17959453,
            "h": 7776.83151058,
            "l": 7464.35705305,
            "o": 7466.72728957
        }
    },
    {
        "t": 1575072000,
        "o": {
            "c": 7567.97497695,
            "h": 7832.47408857,
            "l": 7519.2269121,
            "o": 7764.05726187
        }
    },
    {
        "t": 1575158400,
        "o": {
            "c": 7425.85766438,
            "h": 7571.61619421,
            "l": 7295.18355987,
            "o": 7571.61619421
        }
    },
    {
        "t": 1575244800,
        "o": {
            "c": 7325.33487256,
            "h": 7474.81886382,
            "l": 7236.65569294,
            "o": 7424.03619682
        }
    },
    {
        "t": 1575331200,
        "o": {
            "c": 7323.81210021,
            "h": 7417.60664156,
            "l": 7232.32536265,
            "o": 7323.97540332
        }
    },
    {
        "t": 1575417600,
        "o": {
            "c": 7260.10003443,
            "h": 7539.37565593,
            "l": 7177.44101934,
            "o": 7320.12506594
        }
    },
    {
        "t": 1575504000,
        "o": {
            "c": 7447.6673282,
            "h": 7527.0182877,
            "l": 7232.67698855,
            "o": 7253.24189285
        }
    },
    {
        "t": 1575590400,
        "o": {
            "c": 7544.37903416,
            "h": 7544.37903416,
            "l": 7392.8804785,
            "o": 7450.56165667
        }
    },
    {
        "t": 1575676800,
        "o": {
            "c": 7552.29963464,
            "h": 7588.23416338,
            "l": 7532.20133909,
            "o": 7545.86301628
        }
    },
    {
        "t": 1575763200,
        "o": {
            "c": 7566.18173083,
            "h": 7634.60664192,
            "l": 7477.52934693,
            "o": 7549.70487829
        }
    },
    {
        "t": 1575849600,
        "o": {
            "c": 7401.01158117,
            "h": 7607.92081961,
            "l": 7369.18413221,
            "o": 7561.45908286
        }
    },
    {
        "t": 1575936000,
        "o": {
            "c": 7274.46261839,
            "h": 7423.1715154,
            "l": 7247.95728643,
            "o": 7395.67640829
        }
    },
    {
        "t": 1576022400,
        "o": {
            "c": 7218.25648469,
            "h": 7323.97139723,
            "l": 7196.41308605,
            "o": 7278.6314911
        }
    },
    {
        "t": 1576108800,
        "o": {
            "c": 7244.48940003,
            "h": 7264.4540749,
            "l": 7165.16856487,
            "o": 7216.73183869
        }
    },
    {
        "t": 1576195200,
        "o": {
            "c": 7267.35915452,
            "h": 7293.56066067,
            "l": 7227.65407812,
            "o": 7245.29453831
        }
    },
    {
        "t": 1576281600,
        "o": {
            "c": 7130.35799572,
            "h": 7301.22604639,
            "l": 7097.91325505,
            "o": 7269.825868
        }
    },
    {
        "t": 1576368000,
        "o": {
            "c": 7157.82998088,
            "h": 7180.70617429,
            "l": 6948.54684433,
            "o": 7123.87917696
        }
    },
    {
        "t": 1576454400,
        "o": {
            "c": 6930.50585768,
            "h": 7171.0348934,
            "l": 6906.7374296,
            "o": 7153.2209284
        }
    },
    {
        "t": 1576540800,
        "o": {
            "c": 6611.51046846,
            "h": 6963.96646016,
            "l": 6587.97426228,
            "o": 6930.66963466
        }
    },
    {
        "t": 1576627200,
        "o": {
            "c": 7270.46966975,
            "h": 7305.44855998,
            "l": 6547.11014641,
            "o": 6597.44062582
        }
    },
    {
        "t": 1576713600,
        "o": {
            "c": 7204.0210376,
            "h": 7346.60239301,
            "l": 7046.90298488,
            "o": 7284.01410973
        }
    },
    {
        "t": 1576800000,
        "o": {
            "c": 7217.26972298,
            "h": 7237.65924405,
            "l": 7162.68313869,
            "o": 7208.32875498
        }
    },
    {
        "t": 1576886400,
        "o": {
            "c": 7189.90636821,
            "h": 7223.22627792,
            "l": 7150.16412238,
            "o": 7223.22627792
        }
    },
    {
        "t": 1576972800,
        "o": {
            "c": 7512.80063541,
            "h": 7512.80063541,
            "l": 7167.17911959,
            "o": 7190.55435938
        }
    },
    {
        "t": 1577059200,
        "o": {
            "c": 7355.16830714,
            "h": 7652.58718181,
            "l": 7330.88769553,
            "o": 7510.16814212
        }
    },
    {
        "t": 1577145600,
        "o": {
            "c": 7309.21393158,
            "h": 7494.79485045,
            "l": 7273.09394724,
            "o": 7353.05683095
        }
    },
    {
        "t": 1577232000,
        "o": {
            "c": 7280.45240018,
            "h": 7350.539125,
            "l": 7222.79158576,
            "o": 7321.30448892
        }
    },
    {
        "t": 1577318400,
        "o": {
            "c": 7240.0270056,
            "h": 7386.17673522,
            "l": 7203.73274366,
            "o": 7277.47407048
        }
    },
    {
        "t": 1577404800,
        "o": {
            "c": 7295.60723294,
            "h": 7360.80832371,
            "l": 7198.94525406,
            "o": 7236.23485678
        }
    },
    {
        "t": 1577491200,
        "o": {
            "c": 7319.89084853,
            "h": 7392.30352765,
            "l": 7290.12783773,
            "o": 7291.11585312
        }
    },
    {
        "t": 1577577600,
        "o": {
            "c": 7419.17941527,
            "h": 7511.10650979,
            "l": 7279.86546765,
            "o": 7279.86546765
        }
    },
    {
        "t": 1577664000,
        "o": {
            "c": 7300.67426507,
            "h": 7451.48016382,
            "l": 7283.38133498,
            "o": 7420.28197424
        }
    }
]